{"answer_file": "I2_control_cfg0.0.jsonl", "detailed_results_file": "../POPE/llava_eval_results/loss/detailed/I2_control_cfg1.0.json", "captions_w_hallu_obj": 96, "all_captions": 500, "captions_hallu_ratio(CHAIR_S)": 0.192, "hallu_obj": 113, "all_mentioned_obj": 876, "obj_hallu_ratio(CHAIR_I)": 0.12899543378995434, "length_response": 41.506, "Accuracy": 0.8710045662100456, "Precision": 0.8710045662100456, "Recall": 1.0, "Specificity": 0.0, "TP": 763, "FP": 113, "FN": 0, "TN": 0, "total_loss": -2534.5101920935476, "loss_ls": [-3439.1635208891867, 904.6533287956387, 0.0, 0.0]}
{"answer_file": "I2_control_cfg0.5.jsonl", "detailed_results_file": "../POPE/llava_eval_results/loss/detailed/I2_control_cfg0.5.json", "captions_w_hallu_obj": 45, "all_captions": 500, "captions_hallu_ratio(CHAIR_S)": 0.09, "hallu_obj": 54, "all_mentioned_obj": 1727, "obj_hallu_ratio(CHAIR_I)": 0.03126809496236248, "length_response": 46.084, "Accuracy": 0.9687319050376375, "Precision": 0.9687319050376375, "Recall": 1.0, "Specificity": 0.0, "TP": 1673, "FP": 54, "FN": 0, "TN": 0, "total_loss": -6586.816661073662, "loss_ls": [-7012.313207301906, 425.4965462282439, 0.0, 0.0]}
{"answer_file": "I2_control_cfg0.6.jsonl", "detailed_results_file": "../POPE/llava_eval_results/loss/detailed/I2_control_cfg0.6.json", "captions_w_hallu_obj": 40, "all_captions": 500, "captions_hallu_ratio(CHAIR_S)": 0.08, "hallu_obj": 45, "all_mentioned_obj": 1944, "obj_hallu_ratio(CHAIR_I)": 0.023148148148148147, "length_response": 47.39, "Accuracy": 0.9768518518518519, "Precision": 0.9768518518518519, "Recall": 1.0, "Specificity": 0.0, "TP": 1899, "FP": 45, "FN": 0, "TN": 0, "total_loss": -7539.454845189832, "loss_ls": [-7892.975767193907, 353.5209220040768, 0.0, 0.0]}
{"answer_file": "I2_control_cfg1.5.jsonl", "detailed_results_file": "../POPE/llava_eval_results/loss/detailed/I2_control_cfg1.5.json", "captions_w_hallu_obj": 375, "all_captions": 500, "captions_hallu_ratio(CHAIR_S)": 0.75, "hallu_obj": 582, "all_mentioned_obj": 589, "obj_hallu_ratio(CHAIR_I)": 0.9881154499151104, "length_response": 5.278, "Accuracy": 0.011884550084889643, "Precision": 0.011884550084889643, "Recall": 1.0, "Specificity": 0.0, "TP": 7, "FP": 582, "FN": 0, "TN": 0, "total_loss": 4650.941395822343, "loss_ls": [-30.093105952001046, 4681.034501774345, 0.0, 0.0]}
