{"answer_file": "I3_control_cfg0.6.jsonl", "detailed_results_file": "../POPE/llava_eval_results/loss/detailed/I3_control_cfg0.6.json", "captions_w_hallu_obj": 20, "all_captions": 500, "captions_hallu_ratio(CHAIR_S)": 0.04, "hallu_obj": 21, "all_mentioned_obj": 1604, "obj_hallu_ratio(CHAIR_I)": 0.013092269326683292, "length_response": 45.964, "Accuracy": 0.9869077306733167, "Precision": 0.9869077306733167, "Recall": 1.0, "Specificity": 0.0, "TP": 1583, "FP": 21, "FN": 0, "TN": 0, "total_loss": -6482.954315935743, "loss_ls": [-6645.232617971067, 162.2783020353266, 0.0, 0.0]}
{"answer_file": "I3_control_cfg0.5.jsonl", "detailed_results_file": "../POPE/llava_eval_results/loss/detailed/I3_control_cfg0.5.json", "captions_w_hallu_obj": 52, "all_captions": 500, "captions_hallu_ratio(CHAIR_S)": 0.104, "hallu_obj": 61, "all_mentioned_obj": 1571, "obj_hallu_ratio(CHAIR_I)": 0.03882877148313176, "length_response": 43.272, "Accuracy": 0.9611712285168682, "Precision": 0.9611712285168682, "Recall": 1.0, "Specificity": 0.0, "TP": 1510, "FP": 61, "FN": 0, "TN": 0, "total_loss": -5924.480675089682, "loss_ls": [-6407.606110035987, 483.12543494630484, 0.0, 0.0]}
{"answer_file": "I3_control_cfg0.0.jsonl", "detailed_results_file": "../POPE/llava_eval_results/loss/detailed/I3_control_cfg0.0.json", "captions_w_hallu_obj": 93, "all_captions": 500, "captions_hallu_ratio(CHAIR_S)": 0.186, "hallu_obj": 110, "all_mentioned_obj": 878, "obj_hallu_ratio(CHAIR_I)": 0.1252847380410023, "length_response": 40.504, "Accuracy": 0.8747152619589977, "Precision": 0.8747152619589977, "Recall": 1.0, "Specificity": 0.0, "TP": 768, "FP": 110, "FN": 0, "TN": 0, "total_loss": -2577.7442010791997, "loss_ls": [-3447.7234338921317, 869.9792328129315, 0.0, 0.0]}
