{"answer_file": "I3_control_7b_cfg0.3.jsonl", "detailed_results_file": "../POPE/llava_eval_results/loss/detailed/I3_control_7b_cfg0.3.json", "captions_w_hallu_obj": 8, "all_captions": 40, "captions_hallu_ratio(CHAIR_S)": 0.2, "hallu_obj": 8, "all_mentioned_obj": 99, "obj_hallu_ratio(CHAIR_I)": 0.08080808080808081, "length_response": 69.075, "Accuracy": 0.9191919191919192, "Precision": 0.9191919191919192, "Recall": 1.0, "Specificity": 0.0, "TP": 91, "FP": 8, "FN": 0, "TN": 0, "total_loss": -332.36158296963515, "loss_ls": [-395.1772178418171, 62.8156348721819, 0.0, 0.0]}
{"answer_file": "I3_control_7b_cfg0.3.jsonl", "detailed_results_file": "../POPE/llava_eval_results/loss/detailed/I3_control_7b_cfg0.3.json", "captions_w_hallu_obj": 8, "all_captions": 40, "captions_hallu_ratio(CHAIR_S)": 0.2, "hallu_obj": 8, "all_mentioned_obj": 99, "obj_hallu_ratio(CHAIR_I)": 0.08080808080808081, "length_response": 69.075, "Accuracy": 0.9191919191919192, "Precision": 0.9191919191919192, "Recall": 1.0, "Specificity": 0.0, "TP": 91, "FP": 8, "FN": 0, "TN": 0, "total_loss": -332.36158296963515, "loss_ls": [-395.1772178418171, 62.8156348721819, 0.0, 0.0]}
