{"answer_file": "pope_sub240_control_neg_cfg0.3.jsonl", "detailed_results_file": "../POPE/llava_eval_results/loss/detailed/pope_sub240_control_neg_cfg0.3.json", "captions_w_hallu_obj": 73, "all_captions": 240, "captions_hallu_ratio(CHAIR_S)": 0.30416666666666664, "hallu_obj": 78, "all_mentioned_obj": 524, "obj_hallu_ratio(CHAIR_I)": 0.14885496183206107, "length_response": 22.4875, "Accuracy": 0.851145038167939, "Precision": 0.8493449781659389, "Recall": 0.9773869346733668, "Specificity": 0.4523809523809524, "TP": 389, "FP": 69, "FN": 9, "TN": 57, "total_loss": -1189.433998126438, "loss_ls": [-1554.7228434659933, 529.2754337561063, 31.533620738613777, -195.52020915516408]}
{"answer_file": "pope_sub240_control_neg_cfg0.1.jsonl", "detailed_results_file": "../POPE/llava_eval_results/loss/detailed/pope_sub240_control_neg_cfg0.1.json", "captions_w_hallu_obj": 113, "all_captions": 240, "captions_hallu_ratio(CHAIR_S)": 0.4708333333333333, "hallu_obj": 113, "all_mentioned_obj": 395, "obj_hallu_ratio(CHAIR_I)": 0.28607594936708863, "length_response": 19.720833333333335, "Accuracy": 0.7139240506329114, "Precision": 0.7078947368421052, "Recall": 0.992619926199262, "Specificity": 0.10483870967741936, "TP": 269, "FP": 111, "FN": 2, "TN": 13, "total_loss": -253.43043484242529, "loss_ls": [-1065.3849660434482, 849.4442678878689, 9.771103553351972, -47.26084024019862]}
