{"answer_file": "pope_sub240_control_cfg0.1.jsonl", "detailed_results_file": "../POPE/llava_eval_results/loss/detailed/pope_sub240_control_cfg0.1.json", "captions_w_hallu_obj": 80, "all_captions": 240, "captions_hallu_ratio(CHAIR_S)": 0.3333333333333333, "hallu_obj": 80, "all_mentioned_obj": 357, "obj_hallu_ratio(CHAIR_I)": 0.22408963585434175, "length_response": 15.970833333333333, "Accuracy": 0.7759103641456583, "Precision": 0.7540983606557377, "Recall": 0.9787234042553191, "Specificity": 0.38524590163934425, "TP": 230, "FP": 75, "FN": 5, "TN": 47, "total_loss": -470.0500320324134, "loss_ls": [-916.9733850117582, 574.5524357120887, 17.861831642111277, -145.49091437485592]}
{"answer_file": "pope_sub240_control_cfg0.1.jsonl", "detailed_results_file": "../POPE/llava_eval_results/loss/detailed/pope_sub240_control_cfg0.1.json", "captions_w_hallu_obj": 80, "all_captions": 240, "captions_hallu_ratio(CHAIR_S)": 0.3333333333333333, "hallu_obj": 80, "all_mentioned_obj": 357, "obj_hallu_ratio(CHAIR_I)": 0.22408963585434175, "length_response": 15.970833333333333, "Accuracy": 0.7759103641456583, "Precision": 0.7540983606557377, "Recall": 0.9787234042553191, "Specificity": 0.38524590163934425, "TP": 230, "FP": 75, "FN": 5, "TN": 47, "total_loss": -470.0500320324134, "loss_ls": [-916.9733850117582, 574.5524357120887, 17.861831642111277, -145.49091437485592]}
{"answer_file": "pope_sub240_control_cfg0.1.jsonl", "detailed_results_file": "../POPE/llava_eval_results/loss/detailed/pope_sub240_control_cfg0.1.json", "captions_w_hallu_obj": 80, "all_captions": 240, "captions_hallu_ratio(CHAIR_S)": 0.3333333333333333, "hallu_obj": 80, "all_mentioned_obj": 357, "obj_hallu_ratio(CHAIR_I)": 0.22408963585434175, "length_response": 15.970833333333333, "Accuracy": 0.7759103641456583, "Precision": 0.7540983606557377, "Recall": 0.9787234042553191, "Specificity": 0.38524590163934425, "TP": 230, "FP": 75, "FN": 5, "TN": 47, "total_loss": -470.0500320324134, "loss_ls": [-916.9733850117582, 574.5524357120887, 17.861831642111277, -145.49091437485592]}
{"answer_file": "pope_sub240_control_cfg0.1.jsonl", "questions_num": 240, "length_response": 15.970833333333333, "Accuracy": 0.4791666666666667, "TP": 115, "FP": 73, "FN": 5, "TN": 47, "Yes_ratio": 0.7833333333333333, "Precision": 0.6117021276595744, "Recall": 0.9583333333333334, "Specificity": 0.39166666666666666, "F1": 0.7467532467532467}
